sampleid,x,y
0,795,1
1,509,1
2,732,1
3,699,1
4,898,1
5,905,1
6,1009,0
7,216,1
8,279,1
9,348,1
10,973,1
11,946,1
12,55,1
13,912,1
14,613,1
15,262,1
16,687,1
17,590,1
18,970,1
19,639,1
20,375,1
21,530,1
22,420,1
23,432,1
24,296,1
25,557,1
26,592,1
27,242,1
28,319,1
29,776,1
30,814,1
31,284,1
32,692,1
33,363,1
34,570,1
35,342,1
36,974,1
37,380,1
38,909,1
39,464,1
40,60,1
41,791,1
42,436,1
43,47,1
44,300,1
45,685,1
46,461,1
47,568,1
48,0,1
49,831,1
50,625,1
51,593,1
52,781,1
53,40,1
54,149,1
55,98,1
56,642,1
57,686,1
58,786,1
59,641,1
60,87,1
61,406,1
62,744,1
63,700,1
64,866,1
65,563,1
66,407,1
67,599,1
68,888,1
69,127,1
70,502,1
71,945,1
72,162,1
73,673,1
74,834,1
75,467,1
76,179,1
77,744,1
78,307,1
79,514,1
80,384,1
81,877,1
82,736,1
83,182,1
84,224,1
85,51,1
86,595,1
87,942,1
88,848,1
89,901,1
90,789,1
91,385,1
92,538,1
93,849,1
94,352,1
95,746,1
96,987,1
97,473,1
98,314,1
99,775,1
100,482,1
101,428,1
102,684,1
103,26,1
104,595,1
105,535,1
106,620,1
107,858,1
108,87,1
109,206,1
110,979,1
111,915,1
112,1010,0
113,483,1
114,249,1
115,73,1
116,90,1
117,951,1
118,557,1
119,279,1
120,756,1
121,64,1
122,681,1
123,290,1
124,945,1
125,873,1
126,450,1
127,711,1
128,237,1
129,690,1
130,54,1
131,531,1
132,140,1
133,809,1
134,181,1
135,950,1
136,710,1
137,84,1
138,714,1
139,602,1
140,206,1
141,636,1
142,681,1
143,780,1
144,175,1
145,737,1
146,410,1
147,455,1
148,716,1
149,263,1
150,228,1
151,747,1
152,192,1
153,63,1
154,933,1
155,940,1
156,336,1
157,587,1
158,42,1
159,952,1
160,629,1
161,467,1
162,279,1
163,186,1
164,73,1
165,462,1
166,912,1
167,514,1
168,897,1
169,376,1
170,1015,0
171,511,1
172,608,1
173,559,1
174,862,1
175,541,1
176,869,1
177,858,1
178,964,1
179,893,1
180,524,1
181,412,1
182,543,1
183,280,1
184,160,1
185,132,1
186,410,1
187,78,1
188,996,1
189,943,1
190,313,1
191,883,1
192,394,1
193,22,1
194,505,1
195,406,1
196,623,1
197,36,1
198,779,1
199,339,1
200,534,1
201,475,1
202,899,1
203,695,1
204,575,1
205,681,1
206,248,1
207,946,1
208,203,1
209,20,1
210,234,1
211,542,1
212,261,1
213,430,1
214,352,1
215,98,1
216,195,1
217,714,1
218,1024,0
219,39,1
220,380,1
221,18,1
222,353,1
223,924,1
224,121,1
225,724,1
226,434,1
227,905,1
228,230,1
229,437,1
230,867,1
231,120,1
232,591,1
233,433,1
234,768,1
235,698,1
236,393,1
237,650,1
238,742,1
239,77,1
240,313,1
241,839,1
242,135,1
243,721,1
244,420,1
245,616,1
246,384,1
247,507,1
248,50,1
249,147,1
250,619,1
251,494,1
252,262,1
253,321,1
254,941,1
255,259,1
256,609,1
257,569,1
258,798,1
259,333,1
260,594,1
261,590,1
262,78,1
263,230,1
264,267,1
265,662,1
266,851,1
267,577,1
268,22,1
269,297,1
270,170,1
271,477,1
272,620,1
273,589,1
274,163,1
275,767,1
276,267,1
277,788,1
278,366,1
279,894,1
280,879,1
281,8,1
282,148,1
283,85,1
284,525,1
285,790,1
286,32,1
287,937,1
288,992,1
289,643,1
290,693,1
291,983,1
292,184,1
293,60,1
294,885,1
295,383,1
296,253,1
297,833,1
298,704,1
299,389,1
300,352,1
301,91,1
302,186,1
303,185,1
304,161,1
305,656,1
306,951,1
307,451,1
308,363,1
309,84,1
310,481,1
311,652,1
312,133,1
313,396,1
314,391,1
315,393,1
316,667,1
317,878,1
318,822,1
319,180,1
320,932,1
321,4,1
322,50,1
323,632,1
324,806,1
325,506,1
326,10,1
327,789,1
328,673,1
329,602,1
330,494,1
331,304,1
332,305,1
333,618,1
334,389,1
335,389,1
336,152,1
337,348,1
338,802,1
339,919,1
340,559,1
341,620,1
342,331,1
343,338,1
344,528,1
345,855,1
346,550,1
347,523,1
348,189,1
349,853,1
350,152,1
351,714,1
352,96,1
353,0,1
354,738,1
355,439,1
356,773,1
357,827,1
358,759,1
359,766,1
360,481,1
361,419,1
362,727,1
363,1015,0
364,347,1
365,977,1
366,848,1
367,910,1
368,645,1
369,92,1
370,332,1
371,838,1
372,389,1
373,240,1
374,415,1
375,146,1
376,984,1
377,564,1
378,375,1
379,89,1
380,253,1
381,498,1
382,639,1
383,292,1
384,349,1
385,106,1
386,64,1
387,334,1
388,835,1
389,383,1
390,986,1
391,175,1
392,179,1
393,689,1
394,17,1
395,172,1
396,786,1
397,589,1
398,66,1
399,258,1
400,734,1
401,294,1
402,577,1
403,604,1
404,371,1
405,328,1
406,200,1
407,902,1
408,707,1
409,567,1
410,271,1
411,206,1
412,681,1
413,503,1
414,249,1
415,1002,0
416,502,1
417,286,1
418,378,1
419,698,1
420,403,1
421,248,1
422,844,1
423,129,1
424,1000,1
425,710,1
426,94,1
427,536,1
428,58,1
429,871,1
430,347,1
431,470,1
432,1005,0
433,714,1
434,241,1
435,65,1
436,164,1
437,768,1
438,574,1
439,782,1
440,743,1
441,994,1
442,950,1
443,548,1
444,1012,0
445,230,1
446,1000,1
447,55,1
448,553,1
449,1020,0
450,645,1
451,491,1
452,624,1
453,334,1
454,728,1
455,119,1
456,930,1
457,846,1
458,226,1
459,300,1
460,569,1
461,781,1
462,250,1
463,992,1
464,118,1
465,677,1
466,568,1
467,421,1
468,442,1
469,219,1
470,538,1
471,850,1
472,521,1
473,456,1
474,266,1
475,581,1
476,602,1
477,91,1
478,18,1
479,373,1
480,958,1
481,488,1
482,109,1
483,54,1
484,917,1
485,122,1
486,91,1
487,897,1
488,847,1
489,652,1
490,779,1
491,584,1
492,630,1
493,826,1
494,545,1
495,529,1
496,197,1
497,717,1
498,965,1
499,740,1
500,288,1
501,536,1
502,296,1
503,289,1
504,249,1
505,50,1
506,896,1
507,43,1
508,735,1
509,829,1
510,551,1
511,263,1
512,305,1
513,366,1
514,207,1
515,167,1
516,437,1
517,470,1
518,740,1
519,566,1
520,79,1
521,337,1
522,152,1
523,78,1
524,912,1
525,560,1
526,657,1
527,291,1
528,988,1
529,922,1
530,200,1
531,560,1
532,501,1
533,163,1
534,704,1
535,484,1
536,664,1
537,201,1
538,7,1
539,83,1
540,248,1
541,360,1
542,495,1
543,634,1
544,493,1
545,168,1
546,901,1
547,918,1
548,279,1
549,927,1
550,552,1
551,547,1
552,971,1
553,522,1
554,333,1
555,0,1
556,532,1
557,804,1
558,111,1
559,342,1
560,645,1
561,21,1
562,114,1
563,186,1
564,280,1
565,518,1
566,534,1
567,757,1
568,815,1
569,206,1
570,798,1
571,251,1
572,195,1
573,652,1
574,965,1
575,536,1
576,803,1
577,97,1
578,394,1
579,602,1
580,70,1
581,848,1
582,950,1
583,107,1
584,400,1
585,591,1
586,256,1
587,782,1
588,995,1
589,661,1
590,1001,0
591,963,1
592,910,1
593,658,1
594,298,1
595,228,1
596,773,1
597,84,1
598,678,1
599,89,1
600,660,1
601,114,1
602,764,1
603,690,1
604,908,1
605,1020,0
606,187,1
607,740,1
608,120,1
609,589,1
610,340,1
611,262,1
612,743,1
613,683,1
614,152,1
615,697,1
616,838,1
617,360,1
618,624,1
619,427,1
620,91,1
621,510,1
622,207,1
623,626,1
624,685,1
625,652,1
626,406,1
627,426,1
628,825,1
629,850,1
630,765,1
631,573,1
632,708,1
633,36,1
634,384,1
635,688,1
636,986,1
637,227,1
638,742,1
639,676,1
640,59,1
641,1004,0
642,664,1
643,947,1
644,860,1
645,788,1
646,934,1
647,829,1
648,438,1
649,885,1
650,868,1
651,28,1
652,90,1
653,404,1
654,209,1
655,607,1
656,31,1
657,443,1
658,548,1
659,732,1
660,816,1
661,923,1
662,347,1
663,111,1
664,150,1
665,119,1
666,789,1
667,482,1
668,332,1
669,469,1
670,620,1
671,104,1
672,880,1
673,407,1
674,775,1
675,194,1
676,982,1
677,204,1
678,479,1
679,329,1
680,251,1
681,453,1
682,348,1
683,1018,0
684,314,1
685,968,1
686,75,1
687,831,1
688,700,1
689,736,1
690,127,1
691,414,1
692,649,1
693,713,1
694,408,1
695,839,1
696,329,1
697,637,1
698,505,1
699,28,1
700,136,1
701,339,1
702,317,1
703,372,1
704,604,1
705,811,1
706,860,1
707,418,1
708,832,1
709,873,1
710,251,1
711,28,1
712,891,1
713,72,1
714,980,1
715,513,1
716,208,1
717,794,1
718,833,1
719,979,1
720,95,1
721,556,1
722,28,1
723,694,1
724,227,1
725,485,1
726,341,1
727,437,1
728,605,1
729,970,1
730,574,1
731,953,1
732,399,1
733,143,1
734,94,1
735,654,1
736,285,1
737,822,1
738,569,1
739,372,1
740,550,1
741,349,1
742,869,1
743,675,1
744,19,1
745,620,1
746,136,1
747,569,1
748,887,1
749,992,1
750,899,1
751,957,1
752,952,1
753,736,1
754,218,1
755,1010,0
756,837,1
757,525,1
758,513,1
759,114,1
760,125,1
761,872,1
762,647,1
763,458,1
764,746,1
765,691,1
766,807,1
767,11,1
768,41,1
769,422,1
770,254,1
771,257,1
772,799,1
773,629,1
774,212,1
775,740,1
776,175,1
777,580,1
778,763,1
779,794,1
780,454,1
781,655,1
782,134,1
783,987,1
784,625,1
785,444,1
786,70,1
787,791,1
788,595,1
789,777,1
790,527,1
791,547,1
792,310,1
793,776,1
794,797,1
795,878,1
796,35,1
797,628,1
798,436,1
799,800,1
800,128,1
801,247,1
802,744,1
803,721,1
804,127,1
805,321,1
806,356,1
807,659,1
808,71,1
809,370,1
810,325,1
811,265,1
812,950,1
813,463,1
814,874,1
815,655,1
816,600,1
817,605,1
818,54,1
819,23,1
820,717,1
821,860,1
822,636,1
823,881,1
824,997,1
825,340,1
826,549,1
827,457,1
828,303,1
829,189,1
830,312,1
831,21,1
832,1023,0
833,798,1
834,714,1
835,516,1
836,818,1
837,539,1
838,830,1
839,730,1
840,925,1
841,349,1
842,466,1
843,720,1
844,460,1
845,864,1
846,524,1
847,402,1
848,614,1
849,865,1
850,63,1
851,711,1
852,876,1
853,383,1
854,911,1
855,664,1
856,877,1
857,430,1
858,837,1
859,1003,0
860,229,1
861,509,1
862,746,1
863,410,1
864,194,1
865,932,1
866,63,1
867,1011,0
868,348,1
869,759,1
870,946,1
871,607,1
872,520,1
873,969,1
874,787,1
875,374,1
876,117,1
877,588,1
878,829,1
879,378,1
880,400,1
881,552,1
882,834,1
883,884,1
884,538,1
885,1003,0
886,633,1
887,626,1
888,359,1
889,785,1
890,786,1
891,953,1
892,116,1
893,425,1
894,794,1
895,271,1
896,843,1
897,536,1
898,853,1
899,317,1
900,769,1
901,95,1
902,857,1
903,670,1
904,724,1
905,345,1
906,238,1
907,153,1
908,45,1
909,2,1
910,489,1
911,919,1
912,918,1
913,975,1
914,131,1
915,667,1
916,263,1
917,956,1
918,388,1
919,473,1
920,73,1
921,546,1
922,295,1
923,904,1
924,718,1
925,770,1
926,152,1
927,120,1
928,621,1
929,1003,0
930,940,1
931,871,1
932,549,1
933,303,1
934,823,1
935,162,1
936,870,1
937,33,1
938,489,1
939,148,1
940,46,1
941,320,1
942,65,1
943,150,1
944,338,1
945,633,1
946,710,1
947,535,1
948,170,1
949,149,1
950,920,1
951,790,1
952,602,1
953,367,1
954,147,1
955,970,1
956,386,1
957,200,1
958,670,1
959,197,1
960,279,1
961,786,1
962,52,1
963,1008,0
964,522,1
965,276,1
966,993,1
967,202,1
968,344,1
969,591,1
970,791,1
971,112,1
972,1002,0
973,877,1
974,145,1
975,830,1
976,352,1
977,927,1
978,964,1
979,956,1
980,679,1
981,848,1
982,455,1
983,768,1
984,261,1
985,64,1
986,803,1
987,194,1
988,986,1
989,168,1
990,869,1
991,877,1
992,920,1
993,550,1
994,216,1
995,608,1
996,490,1
997,345,1
998,205,1
999,35,1
1000,247,1
1001,376,1
1002,748,1
1003,643,1
1004,652,1
1005,988,1
1006,14,1
1007,25,1
1008,829,1
1009,521,1
1010,626,1
1011,520,1
1012,860,1
1013,51,1
1014,264,1
1015,603,1
1016,457,1
1017,124,1
1018,931,1
1019,899,1
1020,96,1
1021,811,1
1022,926,1
1023,528,1
1024,536,1
1025,474,1
1026,857,1
1027,1020,0
1028,674,1
1029,748,1
1030,424,1
1031,790,1
1032,103,1
1033,986,1
1034,876,1
1035,809,1
1036,120,1
1037,776,1
1038,31,1
1039,155,1
1040,528,1
1041,234,1
1042,374,1
1043,536,1
1044,301,1
1045,983,1
1046,516,1
1047,923,1
1048,255,1
1049,305,1
1050,773,1
1051,46,1
1052,408,1
1053,593,1
1054,926,1
1055,655,1
1056,747,1
1057,644,1
1058,23,1
1059,7,1
1060,266,1
1061,145,1
1062,361,1
1063,228,1
1064,222,1
1065,824,1
1066,160,1
1067,994,1
1068,877,1
1069,570,1
1070,371,1
1071,720,1
1072,900,1
1073,528,1
1074,867,1
1075,443,1
1076,504,1
1077,119,1
1078,364,1
1079,382,1
1080,624,1
1081,770,1
1082,827,1
1083,248,1
1084,570,1
1085,87,1
1086,928,1
1087,417,1
1088,635,1
1089,1023,0
1090,386,1
1091,893,1
1092,400,1
1093,577,1
1094,855,1
1095,146,1
1096,455,1
1097,408,1
1098,522,1
1099,408,1
1100,543,1
1101,57,1
1102,232,1
1103,381,1
1104,304,1
1105,219,1
1106,72,1
1107,628,1
1108,269,1
1109,980,1
1110,159,1
1111,606,1
1112,918,1
1113,984,1
1114,341,1
1115,165,1
1116,396,1
1117,896,1
1118,682,1
1119,258,1
1120,841,1
1121,692,1
1122,246,1
1123,297,1
1124,280,1
1125,58,1
1126,1009,0
1127,586,1
1128,798,1
1129,358,1
1130,171,1
1131,116,1
1132,798,1
1133,299,1
1134,40,1
1135,669,1
1136,374,1
1137,523,1
1138,293,1
1139,174,1
1140,491,1
1141,850,1
1142,182,1
1143,572,1
1144,970,1
1145,973,1
1146,346,1
1147,657,1
1148,847,1
1149,915,1
1150,731,1
1151,683,1
1152,250,1
1153,881,1
1154,840,1
1155,650,1
1156,734,1
1157,443,1
1158,672,1
1159,400,1
1160,331,1
1161,499,1
1162,549,1
1163,475,1
1164,634,1
1165,702,1
1166,823,1
1167,151,1
1168,653,1
1169,567,1
1170,997,1
1171,142,1
1172,654,1
1173,204,1
1174,705,1
1175,50,1
1176,616,1
1177,31,1
1178,516,1
1179,916,1
1180,778,1
1181,23,1
1182,21,1
1183,121,1
1184,954,1
1185,581,1
1186,777,1
1187,66,1
1188,631,1
1189,701,1
1190,878,1
1191,1004,0
1192,606,1
1193,51,1
1194,1,1
1195,616,1
1196,83,1
1197,40,1
1198,102,1
1199,636,1
1200,298,1
1201,279,1
1202,412,1
1203,995,1
1204,824,1
1205,967,1
1206,292,1
1207,237,1
1208,494,1
1209,797,1
1210,921,1
1211,710,1
1212,212,1
1213,416,1
1214,35,1
1215,18,1
1216,575,1
1217,80,1
1218,157,1
1219,627,1
1220,338,1
1221,19,1
1222,719,1
1223,95,1
1224,410,1
1225,165,1
1226,832,1
1227,787,1
1228,338,1
1229,742,1
1230,858,1
1231,881,1
1232,213,1
1233,996,1
1234,340,1
1235,227,1
1236,889,1
1237,708,1
1238,945,1
1239,769,1
1240,494,1
1241,85,1
1242,25,1
1243,194,1
1244,680,1
1245,873,1
1246,663,1
1247,253,1
1248,53,1
1249,691,1
1250,117,1
1251,56,1
1252,221,1
1253,21,1
1254,589,1
1255,355,1
1256,366,1
1257,297,1
1258,351,1
1259,1000,1
1260,570,1
1261,553,1
1262,739,1
1263,387,1
1264,942,1
1265,360,1
1266,485,1
1267,603,1
1268,1015,0
1269,826,1
1270,737,1
1271,713,1
1272,472,1
1273,748,1
1274,123,1
1275,294,1
1276,414,1
1277,414,1
1278,444,1
1279,973,1
1280,918,1
1281,899,1
1282,662,1
1283,683,1
1284,285,1
1285,530,1
1286,512,1
1287,301,1
1288,1020,0
1289,513,1
1290,293,1
1291,906,1
1292,212,1
1293,980,1
1294,299,1
1295,313,1
1296,729,1
1297,942,1
1298,360,1
1299,199,1
1300,504,1
1301,579,1
1302,360,1
1303,809,1
1304,634,1
1305,746,1
1306,343,1
1307,781,1
1308,630,1
1309,682,1
1310,64,1
1311,598,1
1312,476,1
1313,472,1
1314,947,1
1315,930,1
1316,789,1
1317,371,1
1318,999,1
1319,435,1
1320,974,1
1321,19,1
1322,707,1
1323,296,1
1324,329,1
1325,455,1
1326,935,1
1327,488,1
1328,517,1
1329,236,1
1330,937,1
1331,293,1
1332,609,1
1333,792,1
1334,399,1
1335,294,1
1336,525,1
1337,902,1
1338,483,1
1339,630,1
1340,355,1
1341,875,1
1342,773,1
1343,127,1
1344,23,1
1345,417,1
1346,390,1
1347,910,1
1348,263,1
1349,347,1
1350,501,1
1351,268,1
1352,796,1
1353,413,1
1354,318,1
1355,811,1
1356,40,1
1357,855,1
1358,327,1
1359,253,1
1360,89,1
1361,626,1
1362,144,1
1363,731,1
1364,912,1
1365,575,1
1366,418,1
1367,821,1
1368,256,1
1369,305,1
1370,998,1
1371,533,1
1372,433,1
1373,60,1
1374,85,1
1375,10,1
1376,211,1
1377,595,1
1378,414,1
1379,710,1
1380,908,1
1381,263,1
1382,320,1
1383,1018,0
1384,154,1
1385,192,1
1386,118,1
1387,1,1
1388,602,1
1389,394,1
1390,323,1
1391,428,1
1392,1006,0
1393,481,1
1394,544,1
1395,934,1
1396,922,1
1397,695,1
1398,312,1
1399,543,1
1400,972,1
1401,428,1
1402,554,1
1403,866,1
1404,996,1
1405,1017,0
1406,1017,0
1407,323,1
1408,827,1
1409,157,1
1410,418,1
1411,653,1
1412,288,1
1413,725,1
1414,648,1
1415,326,1
1416,730,1
1417,471,1
1418,268,1
1419,81,1
1420,827,1
1421,161,1
1422,222,1
1423,923,1
1424,658,1
1425,604,1
1426,194,1
1427,623,1
1428,741,1
1429,449,1
1430,278,1
1431,515,1
1432,180,1
1433,693,1
1434,902,1
1435,302,1
1436,654,1
1437,986,1
1438,601,1
1439,681,1
1440,888,1
1441,285,1
1442,334,1
1443,613,1
1444,429,1
1445,733,1
1446,705,1
1447,109,1
1448,43,1
1449,489,1
1450,482,1
1451,988,1
1452,698,1
1453,836,1
1454,958,1
1455,549,1
1456,721,1
1457,464,1
1458,850,1
1459,1000,1
1460,545,1
1461,610,1
1462,667,1
1463,103,1
1464,755,1
1465,988,1
1466,540,1
1467,325,1
1468,235,1
1469,195,1
1470,86,1
1471,887,1
1472,532,1
1473,1007,0
1474,78,1
1475,264,1
1476,827,1
1477,715,1
1478,6,1
1479,299,1
1480,943,1
1481,478,1
1482,412,1
1483,144,1
1484,620,1
1485,832,1
1486,815,1
1487,577,1
1488,238,1
1489,1024,0
1490,948,1
1491,48,1
1492,404,1
1493,719,1
1494,419,1
1495,227,1
1496,265,1
1497,537,1
1498,905,1
1499,391,1
1500,515,1
1501,486,1
1502,871,1
1503,430,1
1504,124,1
1505,1003,0
1506,413,1
1507,872,1
1508,29,1
1509,500,1
1510,83,1
1511,88,1
1512,789,1
1513,572,1
1514,851,1
1515,1000,1
1516,256,1
1517,197,1
1518,263,1
1519,10,1
1520,226,1
1521,740,1
1522,443,1
1523,593,1
1524,80,1
1525,688,1
1526,1,1
1527,22,1
1528,186,1
1529,496,1
1530,71,1
1531,302,1
1532,427,1
1533,387,1
1534,549,1
1535,683,1
1536,736,1
1537,628,1
1538,806,1
1539,68,1
1540,625,1
1541,979,1
1542,739,1
1543,916,1
1544,857,1
1545,497,1
1546,251,1
1547,450,1
1548,646,1
1549,429,1
1550,514,1
1551,383,1
1552,563,1
1553,400,1
1554,224,1
1555,410,1
1556,482,1
1557,974,1
1558,687,1
1559,542,1
1560,188,1
1561,595,1
1562,625,1
1563,117,1
1564,451,1
1565,367,1
1566,641,1
1567,67,1
1568,585,1
1569,417,1
1570,888,1
1571,211,1
1572,173,1
1573,103,1
1574,444,1
1575,699,1
1576,527,1
1577,464,1
1578,37,1
1579,485,1
1580,589,1
1581,122,1
1582,712,1
1583,374,1
1584,861,1
1585,658,1
1586,333,1
1587,76,1
1588,783,1
1589,744,1
1590,399,1
1591,384,1
1592,122,1
1593,933,1
1594,350,1
1595,563,1
1596,455,1
1597,7,1
1598,196,1
1599,559,1
1600,869,1
1601,391,1
1602,620,1
1603,597,1
1604,510,1
1605,13,1
1606,1014,0
1607,429,1
1608,417,1
1609,755,1
1610,85,1
1611,73,1
1612,575,1
1613,400,1
1614,643,1
1615,597,1
1616,696,1
1617,477,1
1618,896,1
1619,1025,0
1620,550,1
1621,134,1
1622,899,1
1623,800,1
1624,574,1
1625,1001,0
1626,811,1
1627,26,1
1628,683,1
1629,408,1
1630,340,1
1631,476,1
1632,687,1
1633,521,1
1634,535,1
1635,174,1
1636,126,1
1637,201,1
1638,294,1
1639,863,1
1640,951,1
1641,122,1
1642,10,1
1643,749,1
1644,461,1
1645,457,1
1646,812,1
1647,284,1
1648,0,1
1649,746,1
1650,665,1
1651,414,1
1652,958,1
1653,410,1
1654,957,1
1655,709,1
1656,693,1
1657,767,1
1658,715,1
1659,741,1
1660,567,1
1661,806,1
1662,287,1
1663,492,1
1664,990,1
1665,346,1
1666,514,1
1667,503,1
1668,920,1
1669,814,1
1670,44,1
1671,597,1
1672,649,1
1673,736,1
1674,411,1
1675,430,1
1676,162,1
1677,505,1
1678,263,1
1679,323,1
1680,987,1
1681,799,1
1682,58,1
1683,108,1
1684,665,1
1685,581,1
1686,867,1
1687,359,1
1688,776,1
1689,126,1
1690,553,1
1691,1010,0
1692,679,1
1693,299,1
1694,808,1
1695,72,1
1696,532,1
1697,579,1
1698,160,1
1699,907,1
1700,559,1
1701,66,1
1702,127,1
1703,758,1
1704,302,1
1705,162,1
1706,1020,0
1707,910,1
1708,621,1
1709,254,1
1710,652,1
1711,32,1
1712,459,1
1713,687,1
1714,804,1
1715,933,1
1716,156,1
1717,727,1
1718,182,1
1719,217,1
1720,8,1
1721,799,1
1722,967,1
1723,565,1
1724,251,1
1725,81,1
1726,1023,0
1727,972,1
1728,650,1
1729,463,1
1730,366,1
1731,115,1
1732,835,1
1733,631,1
1734,374,1
1735,931,1
1736,631,1
1737,799,1
1738,70,1
1739,138,1
1740,194,1
1741,679,1
1742,339,1
1743,862,1
1744,158,1
1745,416,1
1746,308,1
1747,783,1
1748,353,1
1749,862,1
1750,416,1
1751,52,1
1752,885,1
1753,717,1
1754,325,1
1755,123,1
1756,840,1
1757,67,1
1758,555,1
1759,491,1
1760,716,1
1761,321,1
1762,947,1
1763,374,1
1764,242,1
1765,312,1
1766,221,1
1767,86,1
1768,945,1
1769,749,1
1770,403,1
1771,809,1
1772,694,1
1773,155,1
1774,86,1
1775,532,1
1776,559,1
1777,322,1
1778,81,1
1779,811,1
1780,756,1
1781,563,1
1782,431,1
1783,428,1
1784,470,1
1785,916,1
1786,615,1
1787,155,1
1788,503,1
1789,641,1
1790,449,1
1791,491,1
1792,478,1
1793,139,1
1794,637,1
1795,796,1
1796,892,1
1797,455,1
1798,744,1
1799,553,1
1800,478,1
1801,750,1
1802,386,1
1803,656,1
1804,177,1
1805,437,1
1806,567,1
1807,194,1
1808,342,1
1809,862,1
1810,981,1
1811,504,1
1812,465,1
1813,161,1
1814,116,1
1815,392,1
1816,534,1
1817,424,1
1818,136,1
1819,368,1
1820,307,1
1821,631,1
1822,523,1
1823,893,1
1824,159,1
1825,526,1
1826,806,1
1827,924,1
1828,602,1
1829,234,1
1830,597,1
1831,720,1
1832,150,1
1833,254,1
1834,73,1
1835,836,1
1836,1011,0
1837,891,1
1838,727,1
1839,18,1
1840,694,1
1841,715,1
1842,53,1
1843,804,1
1844,510,1
1845,806,1
1846,585,1
1847,630,1
1848,645,1
1849,512,1
1850,463,1
1851,700,1
1852,671,1
1853,500,1
1854,104,1
1855,327,1
1856,440,1
1857,454,1
1858,887,1
1859,685,1
1860,846,1
1861,882,1
1862,848,1
1863,719,1
1864,583,1
1865,775,1
1866,470,1
1867,13,1
1868,457,1
1869,746,1
1870,386,1
1871,198,1
1872,423,1
1873,829,1
1874,787,1
1875,266,1
1876,638,1
1877,265,1
1878,774,1
1879,354,1
1880,418,1
1881,461,1
1882,1003,0
1883,299,1
1884,219,1
1885,931,1
1886,881,1
1887,660,1
1888,38,1
1889,513,1
1890,614,1
1891,857,1
1892,726,1
1893,659,1
1894,979,1
1895,194,1
1896,966,1
1897,471,1
1898,571,1
1899,426,1
1900,770,1
1901,444,1
1902,614,1
1903,983,1
1904,785,1
1905,45,1
1906,891,1
1907,904,1
1908,849,1
1909,508,1
1910,297,1
1911,943,1
1912,304,1
1913,832,1
1914,761,1
1915,189,1
1916,230,1
1917,754,1
1918,203,1
1919,603,1
1920,617,1
1921,752,1
1922,342,1
1923,645,1
1924,904,1
1925,937,1
1926,1014,0
1927,760,1
1928,510,1
1929,561,1
1930,683,1
1931,843,1
1932,652,1
1933,228,1
1934,46,1
1935,770,1
1936,317,1
1937,935,1
1938,29,1
1939,505,1
1940,336,1
1941,750,1
1942,787,1
1943,542,1
1944,66,1
1945,83,1
1946,452,1
1947,914,1
1948,381,1
1949,881,1
1950,1013,0
1951,892,1
1952,223,1
1953,1000,1
1954,772,1
1955,648,1
1956,444,1
1957,226,1
1958,550,1
1959,556,1
1960,835,1
1961,216,1
1962,456,1
1963,945,1
1964,795,1
1965,24,1
1966,1009,0
1967,83,1
1968,728,1
1969,509,1
1970,161,1
1971,115,1
1972,900,1
1973,835,1
1974,370,1
1975,578,1
1976,910,1
1977,742,1
1978,575,1
1979,342,1
1980,696,1
1981,606,1
1982,746,1
1983,581,1
1984,495,1
1985,633,1
1986,34,1
1987,103,1
1988,545,1
1989,570,1
1990,912,1
1991,393,1
1992,412,1
1993,28,1
1994,586,1
1995,279,1
1996,624,1
1997,375,1
1998,369,1
1999,314,1
2000,562,1
2001,626,1
2002,889,1
2003,267,1
2004,996,1
2005,184,1
2006,921,1
2007,309,1
2008,35,1
2009,166,1
2010,245,1
2011,775,1
2012,702,1
2013,539,1
2014,506,1
2015,252,1
2016,927,1
2017,738,1
2018,144,1
2019,220,1
2020,611,1
2021,86,1
2022,878,1
2023,118,1
2024,230,1
2025,292,1
2026,567,1
2027,961,1
2028,226,1
2029,837,1
2030,690,1
2031,68,1
2032,426,1
2033,513,1
2034,263,1
2035,910,1
2036,546,1
2037,385,1
2038,354,1
2039,638,1
2040,41,1
2041,316,1
2042,597,1
2043,830,1
2044,997,1
2045,730,1
2046,964,1
2047,436,1
2048,716,1
2049,470,1
2050,991,1
2051,276,1
2052,290,1
2053,677,1
2054,534,1
2055,566,1
2056,886,1
2057,830,1
2058,59,1
2059,762,1
2060,934,1
2061,1000,1
2062,922,1
2063,718,1
2064,932,1
2065,481,1
2066,905,1
2067,1003,0
2068,916,1
2069,965,1
2070,120,1
2071,108,1
2072,941,1
2073,21,1
2074,278,1
2075,637,1
2076,126,1
2077,502,1
2078,236,1
2079,607,1
2080,1002,0
2081,501,1
2082,874,1
2083,459,1
2084,892,1
2085,996,1
2086,296,1
2087,950,1
2088,256,1
2089,283,1
2090,696,1
2091,697,1
2092,973,1
2093,270,1
2094,789,1
2095,525,1
2096,906,1
2097,399,1
2098,516,1
2099,397,1
2100,595,1
2101,607,1
2102,91,1
2103,167,1
2104,239,1
2105,162,1
2106,492,1
2107,507,1
2108,942,1
2109,242,1
2110,36,1
2111,795,1
2112,274,1
2113,973,1
2114,455,1
2115,224,1
2116,344,1
2117,750,1
2118,614,1
2119,603,1
2120,245,1
2121,993,1
2122,177,1
2123,435,1
2124,48,1
2125,900,1
2126,687,1
2127,775,1
2128,645,1
2129,861,1
2130,145,1
2131,117,1
2132,783,1
2133,596,1
2134,736,1
2135,841,1
2136,876,1
2137,304,1
2138,491,1
2139,513,1
2140,56,1
2141,990,1
2142,810,1
2143,142,1
2144,286,1
2145,908,1
2146,740,1
2147,214,1
2148,217,1
2149,518,1
2150,825,1
2151,544,1
2152,347,1
2153,440,1
2154,15,1
2155,276,1
2156,737,1
2157,598,1
2158,152,1
2159,290,1
2160,392,1
2161,98,1
2162,171,1
2163,80,1
2164,913,1
2165,686,1
2166,780,1
2167,1010,0
2168,1007,0
2169,867,1
2170,558,1
2171,49,1
2172,752,1
2173,127,1
2174,996,1
2175,594,1
2176,961,1
2177,313,1
2178,939,1
2179,266,1
2180,63,1
2181,357,1
2182,997,1
2183,787,1
2184,440,1
2185,175,1
2186,601,1
2187,95,1
2188,490,1
2189,340,1
2190,395,1
2191,103,1
2192,18,1
2193,402,1
2194,856,1
2195,791,1
2196,792,1
2197,759,1
2198,317,1
2199,265,1
2200,615,1
2201,134,1
2202,410,1
2203,163,1
2204,803,1
2205,977,1
2206,501,1
2207,977,1
2208,479,1
2209,558,1
2210,759,1
2211,813,1
2212,100,1
2213,624,1
2214,284,1
2215,8,1
2216,410,1
2217,65,1
2218,535,1
2219,483,1
2220,282,1
2221,613,1
2222,213,1
2223,253,1
2224,928,1
2225,968,1
2226,1025,0
2227,523,1
2228,794,1
2229,122,1
2230,851,1
2231,421,1
2232,239,1
2233,695,1
2234,549,1
2235,775,1
2236,781,1
2237,123,1
2238,745,1
2239,565,1
2240,922,1
2241,736,1
2242,752,1
2243,826,1
2244,762,1
2245,91,1
2246,584,1
2247,431,1
2248,663,1
2249,933,1
2250,690,1
2251,731,1
2252,436,1
2253,660,1
2254,958,1
2255,207,1
2256,1020,0
2257,642,1
2258,243,1
2259,939,1
2260,890,1
2261,221,1
2262,912,1
2263,902,1
2264,178,1
2265,410,1
2266,584,1
2267,621,1
2268,127,1
2269,677,1
2270,506,1
2271,908,1
2272,413,1
2273,385,1
2274,513,1
2275,801,1
2276,784,1
2277,203,1
2278,694,1
2279,807,1
2280,805,1
2281,312,1
2282,779,1
2283,985,1
2284,304,1
2285,102,1
2286,921,1
2287,659,1
2288,315,1
2289,29,1
2290,587,1
2291,620,1
2292,944,1
2293,302,1
2294,147,1
2295,23,1
2296,111,1
2297,800,1
2298,209,1
2299,809,1
2300,965,1
2301,734,1
2302,608,1
2303,477,1
2304,618,1
2305,940,1
2306,630,1
2307,72,1
2308,131,1
2309,769,1
2310,794,1
2311,678,1
2312,81,1
2313,455,1
2314,574,1
2315,765,1
2316,20,1
2317,209,1
2318,38,1
2319,513,1
2320,635,1
2321,937,1
2322,813,1
2323,205,1
2324,955,1
2325,513,1
2326,843,1
2327,446,1
2328,400,1
2329,639,1
2330,570,1
2331,243,1
2332,41,1
2333,183,1
2334,406,1
2335,396,1
2336,641,1
2337,804,1
2338,312,1
2339,327,1
2340,240,1
2341,701,1
2342,113,1
2343,679,1
2344,859,1
2345,878,1
2346,529,1
2347,937,1
2348,584,1
2349,195,1
2350,902,1
2351,745,1
2352,406,1
2353,754,1
2354,897,1
2355,844,1
2356,194,1
2357,683,1
2358,554,1
2359,910,1
2360,134,1
2361,9,1
2362,85,1
2363,24,1
2364,384,1
2365,396,1
2366,153,1
2367,582,1
2368,646,1
2369,748,1
2370,101,1
2371,711,1
2372,299,1
2373,466,1
2374,593,1
2375,1002,0
2376,827,1
2377,6,1
2378,1016,0
2379,860,1
2380,839,1
2381,848,1
2382,302,1
2383,393,1
2384,197,1
2385,779,1
2386,364,1
2387,741,1
2388,11,1
2389,673,1
2390,530,1
2391,754,1
2392,214,1
2393,631,1
2394,1021,0
2395,858,1
2396,517,1
2397,798,1
2398,211,1
2399,929,1
2400,929,1
2401,3,1
2402,274,1
2403,761,1
2404,19,1
2405,256,1
2406,598,1
2407,310,1
2408,963,1
2409,646,1
2410,314,1
2411,130,1
2412,899,1
2413,93,1
2414,10,1
2415,529,1
2416,295,1
2417,944,1
2418,891,1
2419,102,1
2420,619,1
2421,566,1
2422,12,1
2423,372,1
2424,880,1
2425,288,1
2426,530,1
2427,742,1
2428,254,1
2429,899,1
2430,832,1
2431,842,1
2432,252,1
2433,948,1
2434,204,1
2435,909,1
2436,883,1
2437,527,1
2438,123,1
2439,884,1
2440,284,1
2441,640,1
2442,831,1
2443,359,1
2444,814,1
2445,720,1
2446,103,1
2447,533,1
2448,68,1
2449,30,1
2450,3,1
2451,928,1
2452,282,1
2453,9,1
2454,803,1
2455,273,1
2456,318,1
2457,867,1
2458,318,1
2459,749,1
2460,328,1
2461,369,1
2462,605,1
2463,188,1
2464,562,1
2465,171,1
2466,887,1
2467,155,1
2468,443,1
2469,600,1
2470,912,1
2471,848,1
2472,690,1
2473,579,1
2474,1012,0
2475,1,1
2476,382,1
2477,590,1
2478,62,1
2479,159,1
2480,342,1
2481,122,1
2482,731,1
2483,95,1
2484,194,1
2485,744,1
2486,159,1
2487,79,1
2488,361,1
2489,306,1
2490,576,1
2491,261,1
2492,941,1
2493,808,1
2494,939,1
2495,712,1
2496,628,1
2497,221,1
2498,803,1
2499,869,1
2500,693,1
2501,547,1
2502,822,1
2503,777,1
2504,729,1
2505,657,1
2506,866,1
2507,204,1
2508,864,1
2509,566,1
2510,166,1
2511,383,1
2512,329,1
2513,302,1
2514,765,1
2515,215,1
2516,1022,0
2517,256,1
2518,544,1
2519,971,1
2520,942,1
2521,500,1
2522,931,1
2523,313,1
2524,938,1
2525,1006,0
2526,202,1
2527,457,1
2528,987,1
2529,13,1
2530,205,1
2531,963,1
2532,43,1
2533,864,1
2534,594,1
2535,754,1
2536,798,1
2537,378,1
2538,236,1
2539,961,1
2540,268,1
2541,924,1
2542,571,1
2543,721,1
2544,200,1
2545,899,1
2546,478,1
2547,721,1
2548,261,1
2549,193,1
2550,113,1
2551,992,1
2552,821,1
2553,488,1
2554,671,1
2555,145,1
2556,829,1
2557,636,1
2558,974,1
2559,507,1
2560,694,1
2561,282,1
2562,114,1
2563,112,1
2564,428,1
2565,568,1
2566,289,1
2567,75,1
2568,677,1
2569,328,1
2570,770,1
2571,441,1
2572,367,1
2573,949,1
2574,81,1
2575,872,1
2576,351,1
2577,137,1
2578,858,1
2579,980,1
2580,488,1
2581,617,1
2582,266,1
2583,818,1
2584,804,1
2585,340,1
2586,729,1
2587,691,1
2588,502,1
2589,242,1
2590,205,1
2591,997,1
2592,1016,0
2593,97,1
2594,829,1
2595,182,1
2596,340,1
2597,395,1
2598,371,1
2599,305,1
2600,195,1
2601,242,1
2602,615,1
2603,321,1
2604,392,1
2605,200,1
2606,166,1
2607,975,1
2608,468,1
2609,832,1
2610,78,1
2611,177,1
2612,694,1
2613,521,1
2614,688,1
2615,81,1
2616,183,1
2617,182,1
2618,296,1
2619,1016,0
2620,361,1
2621,17,1
2622,488,1
2623,493,1
2624,32,1
2625,968,1
2626,767,1
2627,19,1
2628,417,1
2629,206,1
2630,532,1
2631,931,1
2632,466,1
2633,103,1
2634,242,1
2635,289,1
2636,930,1
2637,366,1
2638,427,1
2639,504,1
2640,77,1
2641,1,1
2642,795,1
2643,800,1
2644,943,1
2645,630,1
2646,749,1
2647,892,1
2648,491,1
2649,508,1
2650,463,1
2651,667,1
2652,420,1
2653,55,1
2654,283,1
2655,182,1
2656,755,1
2657,392,1
2658,797,1
2659,454,1
2660,382,1
2661,959,1
2662,352,1
2663,495,1
2664,280,1
2665,415,1
2666,788,1
2667,322,1
2668,250,1
2669,73,1
2670,108,1
2671,430,1
2672,566,1
2673,972,1
2674,761,1
2675,400,1
2676,778,1
2677,700,1
2678,990,1
2679,805,1
2680,237,1
2681,741,1
2682,289,1
2683,992,1
2684,542,1
2685,153,1
2686,164,1
2687,124,1
2688,1008,0
2689,445,1
2690,644,1
2691,459,1
2692,501,1
2693,133,1
2694,626,1
2695,916,1
2696,305,1
2697,648,1
2698,258,1
2699,809,1
2700,515,1
2701,997,1
2702,297,1
2703,673,1
2704,893,1
2705,910,1
2706,687,1
2707,891,1
2708,458,1
2709,104,1
2710,816,1
2711,777,1
2712,58,1
2713,934,1
2714,930,1
2715,98,1
2716,934,1
2717,780,1
2718,100,1
2719,225,1
2720,515,1
2721,155,1
2722,267,1
2723,305,1
2724,151,1
2725,192,1
2726,41,1
2727,239,1
2728,713,1
2729,703,1
2730,632,1
2731,607,1
2732,753,1
2733,130,1
2734,321,1
2735,253,1
2736,250,1
2737,684,1
2738,478,1
2739,818,1
2740,363,1
2741,576,1
2742,307,1
2743,236,1
2744,583,1
2745,828,1
2746,422,1
2747,782,1
2748,918,1
2749,1020,0
2750,394,1
2751,294,1
2752,549,1
2753,831,1
2754,533,1
2755,120,1
2756,627,1
2757,377,1
2758,341,1
2759,417,1
2760,190,1
2761,238,1
2762,939,1
2763,916,1
2764,919,1
2765,0,1
2766,29,1
2767,286,1
2768,1001,0
2769,35,1
2770,64,1
2771,987,1
2772,168,1
2773,51,1
2774,164,1
2775,187,1
2776,67,1
2777,898,1
2778,575,1
2779,982,1
2780,956,1
2781,571,1
2782,675,1
2783,172,1
2784,913,1
2785,530,1
2786,125,1
2787,822,1
2788,539,1
2789,340,1
2790,1004,0
2791,762,1
2792,914,1
2793,645,1
2794,845,1
2795,590,1
2796,63,1
2797,331,1
2798,129,1
2799,678,1
2800,460,1
2801,716,1
2802,608,1
2803,712,1
2804,126,1
2805,70,1
2806,211,1
2807,466,1
2808,976,1
2809,819,1
2810,935,1
2811,223,1
2812,223,1
2813,640,1
2814,660,1
2815,629,1
2816,586,1
2817,201,1
2818,493,1
2819,924,1
2820,999,1
2821,604,1
2822,578,1
2823,427,1
2824,147,1
2825,540,1
2826,264,1
2827,190,1
2828,323,1
2829,121,1
2830,335,1
2831,77,1
2832,143,1
2833,650,1
2834,560,1
2835,688,1
2836,344,1
2837,847,1
2838,753,1
2839,287,1
2840,72,1
2841,692,1
2842,733,1
2843,15,1
2844,311,1
2845,947,1
2846,797,1
2847,920,1
2848,887,1
2849,653,1
2850,281,1
2851,499,1
2852,665,1
2853,216,1
2854,193,1
2855,181,1
2856,926,1
2857,227,1
2858,52,1
2859,757,1
2860,625,1
2861,186,1
2862,518,1
2863,648,1
2864,957,1
2865,818,1
2866,685,1
2867,50,1
2868,546,1
2869,953,1
2870,948,1
2871,266,1
2872,179,1
2873,846,1
2874,800,1
2875,93,1
2876,975,1
2877,0,1
2878,173,1
2879,307,1
2880,721,1
2881,263,1
2882,858,1
2883,103,1
2884,420,1
2885,241,1
2886,915,1
2887,427,1
2888,666,1
2889,278,1
2890,251,1
2891,320,1
2892,462,1
2893,155,1
2894,173,1
2895,756,1
2896,281,1
2897,673,1
2898,753,1
2899,900,1
2900,251,1
2901,875,1
2902,739,1
2903,544,1
2904,403,1
2905,604,1
2906,394,1
2907,544,1
2908,146,1
2909,138,1
2910,229,1
2911,988,1
2912,397,1
2913,360,1
2914,947,1
2915,275,1
2916,480,1
2917,202,1
2918,540,1
2919,747,1
2920,681,1
2921,961,1
2922,993,1
2923,766,1
2924,662,1
2925,267,1
2926,397,1
2927,637,1
2928,378,1
2929,151,1
2930,115,1
2931,71,1
2932,285,1
2933,506,1
2934,16,1
2935,339,1
2936,546,1
2937,568,1
2938,906,1
2939,968,1
2940,662,1
2941,148,1
2942,678,1
2943,324,1
2944,427,1
2945,764,1
2946,87,1
2947,608,1
2948,481,1
2949,976,1
2950,934,1
2951,548,1
2952,751,1
2953,165,1
2954,88,1
2955,238,1
2956,560,1
2957,102,1
2958,838,1
2959,47,1
2960,163,1
2961,1010,0
2962,911,1
2963,128,1
2964,405,1
2965,900,1
2966,459,1
2967,951,1
2968,295,1
2969,932,1
2970,569,1
2971,34,1
2972,588,1
2973,652,1
2974,691,1
2975,283,1
2976,308,1
2977,482,1
2978,715,1
2979,882,1
2980,1019,0
2981,484,1
2982,804,1
2983,1002,0
2984,650,1
2985,764,1
2986,509,1
2987,191,1
2988,539,1
2989,238,1
2990,979,1
2991,606,1
2992,1024,0
2993,370,1
2994,649,1
2995,378,1
2996,94,1
2997,374,1
2998,794,1
2999,504,1
3000,910,1
3001,471,1
3002,1012,0
3003,205,1
3004,827,1
3005,214,1
3006,701,1
3007,839,1
3008,645,1
3009,42,1
3010,502,1
3011,543,1
3012,281,1
3013,95,1
3014,51,1
3015,152,1
3016,548,1
3017,710,1
3018,707,1
3019,400,1
3020,703,1
3021,608,1
3022,1014,0
3023,801,1
3024,807,1
3025,498,1
3026,60,1
3027,209,1
3028,925,1
3029,165,1
3030,781,1
3031,723,1
3032,81,1
3033,742,1
3034,344,1
3035,279,1
3036,714,1
3037,536,1
3038,599,1
3039,661,1
3040,227,1
3041,906,1
3042,530,1
3043,156,1
3044,705,1
3045,821,1
3046,1009,0
3047,208,1
3048,474,1
3049,706,1
3050,158,1
3051,614,1
3052,312,1
3053,61,1
3054,658,1
3055,388,1
3056,260,1
3057,534,1
3058,890,1
3059,208,1
3060,961,1
3061,704,1
3062,1,1
3063,291,1
3064,33,1
3065,820,1
3066,860,1
3067,169,1
3068,833,1
3069,885,1
3070,162,1
3071,118,1
3072,304,1
3073,986,1
3074,991,1
3075,236,1
3076,159,1
3077,784,1
3078,604,1
3079,349,1
3080,640,1
3081,79,1
3082,92,1
3083,810,1
3084,681,1
3085,409,1
3086,883,1
3087,282,1
3088,563,1
3089,64,1
3090,181,1
3091,369,1
3092,971,1
3093,267,1
3094,559,1
3095,654,1
3096,176,1
3097,169,1
3098,478,1
3099,659,1
3100,458,1
3101,484,1
3102,331,1
3103,952,1
3104,755,1
3105,918,1
3106,391,1
3107,389,1
3108,509,1
3109,881,1
3110,737,1
3111,553,1
3112,325,1
3113,205,1
3114,436,1
3115,333,1
3116,963,1
3117,374,1
3118,327,1
3119,559,1
3120,257,1
3121,649,1
3122,941,1
3123,134,1
3124,868,1
3125,744,1
3126,421,1
3127,179,1
3128,347,1
3129,75,1
3130,618,1
3131,373,1
3132,578,1
3133,860,1
3134,311,1
3135,175,1
3136,723,1
3137,171,1
3138,262,1
3139,175,1
3140,961,1
3141,918,1
3142,439,1
3143,1,1
3144,250,1
3145,53,1
3146,394,1
3147,406,1
3148,534,1
3149,398,1
3150,968,1
3151,4,1
3152,535,1
3153,433,1
3154,58,1
3155,840,1
3156,772,1
3157,7,1
3158,781,1
3159,121,1
3160,448,1
3161,374,1
3162,1011,0
3163,670,1
3164,110,1
3165,856,1
3166,657,1
3167,150,1
3168,451,1
3169,76,1
3170,839,1
3171,508,1
3172,98,1
3173,536,1
3174,251,1
3175,1002,0
3176,67,1
3177,16,1
3178,860,1
3179,57,1
3180,356,1
3181,439,1
3182,279,1
3183,822,1
3184,542,1
3185,613,1
3186,36,1
3187,399,1
3188,545,1
3189,55,1
3190,211,1
3191,291,1
3192,952,1
3193,233,1
3194,441,1
3195,155,1
3196,715,1
3197,554,1
3198,767,1
3199,181,1
3200,229,1
3201,474,1
3202,864,1
3203,558,1
3204,129,1
3205,416,1
3206,855,1
3207,378,1
3208,649,1
3209,240,1
3210,874,1
3211,827,1
3212,555,1
3213,230,1
3214,392,1
3215,275,1
3216,179,1
3217,806,1
3218,399,1
3219,576,1
3220,935,1
3221,480,1
3222,52,1
3223,979,1
3224,560,1
3225,684,1
3226,862,1
3227,579,1
3228,33,1
3229,408,1
3230,695,1
3231,529,1
3232,639,1
3233,668,1
3234,869,1
3235,583,1
3236,284,1
3237,734,1
3238,949,1
3239,982,1
3240,588,1
3241,547,1
3242,261,1
3243,87,1
3244,586,1
3245,437,1
3246,817,1
3247,255,1
3248,305,1
3249,282,1
3250,71,1
3251,694,1
3252,670,1
3253,590,1
3254,140,1
3255,142,1
3256,320,1
3257,922,1
3258,780,1
3259,372,1
3260,314,1
3261,833,1
3262,819,1
3263,53,1
3264,107,1
3265,887,1
3266,44,1
3267,963,1
3268,336,1
3269,236,1
3270,198,1
3271,1005,0
3272,543,1
3273,369,1
3274,202,1
3275,621,1
3276,257,1
3277,817,1
3278,47,1
3279,964,1
3280,649,1
3281,327,1
3282,859,1
3283,55,1
3284,605,1
3285,560,1
3286,190,1
3287,470,1
3288,865,1
3289,379,1
3290,861,1
3291,369,1
3292,284,1
3293,842,1
3294,960,1
3295,293,1
3296,1011,0
3297,133,1
3298,33,1
3299,670,1
3300,835,1
3301,641,1
3302,671,1
3303,15,1
3304,626,1
3305,660,1
3306,370,1
3307,212,1
3308,913,1
3309,197,1
3310,94,1
3311,927,1
3312,683,1
3313,508,1
3314,801,1
3315,222,1
3316,707,1
3317,164,1
3318,65,1
3319,245,1
3320,505,1
3321,613,1
3322,612,1
3323,584,1
3324,321,1
3325,518,1
3326,742,1
3327,13,1
3328,897,1
3329,471,1
3330,819,1
3331,282,1
3332,438,1
3333,865,1
3334,1017,0
3335,177,1
3336,512,1
3337,592,1
3338,739,1
3339,942,1
3340,571,1
3341,152,1
3342,483,1
3343,400,1
3344,570,1
3345,751,1
3346,692,1
3347,46,1
3348,1008,0
3349,994,1
3350,825,1
3351,760,1
3352,499,1
3353,973,1
3354,103,1
3355,131,1
3356,832,1
3357,748,1
3358,253,1
3359,1010,0
3360,989,1
3361,941,1
3362,936,1
3363,597,1
3364,229,1
3365,593,1
3366,366,1
3367,766,1
3368,909,1
3369,207,1
3370,190,1
3371,602,1
3372,89,1
3373,79,1
3374,479,1
3375,820,1
3376,562,1
3377,747,1
3378,561,1
3379,178,1
3380,685,1
3381,279,1
3382,177,1
3383,830,1
3384,21,1
3385,804,1
3386,789,1
3387,199,1
3388,564,1
3389,800,1
3390,977,1
3391,539,1
3392,414,1
3393,645,1
3394,268,1
3395,953,1
3396,564,1
3397,342,1
3398,648,1
3399,91,1
3400,722,1
3401,570,1
3402,904,1
3403,861,1
3404,794,1
3405,920,1
3406,731,1
3407,351,1
3408,293,1
3409,444,1
3410,634,1
3411,649,1
3412,411,1
3413,939,1
3414,210,1
3415,208,1
3416,351,1
3417,10,1
3418,880,1
3419,1011,0
3420,83,1
3421,372,1
3422,128,1
3423,74,1
3424,174,1
3425,251,1
3426,977,1
3427,226,1
3428,384,1
3429,186,1
3430,275,1
3431,488,1
3432,773,1
3433,389,1
3434,360,1
3435,59,1
3436,15,1
3437,713,1
3438,365,1
3439,918,1
3440,378,1
3441,970,1
3442,301,1
3443,327,1
3444,922,1
3445,161,1
3446,191,1
3447,1020,0
3448,289,1
3449,849,1
3450,125,1
3451,380,1
3452,385,1
3453,82,1
3454,767,1
3455,642,1
3456,275,1
3457,63,1
3458,102,1
3459,113,1
3460,903,1
3461,58,1
3462,457,1
3463,793,1
3464,897,1
3465,357,1
3466,989,1
3467,616,1
3468,203,1
3469,450,1
3470,514,1
3471,640,1
3472,870,1
3473,587,1
3474,905,1
3475,661,1
3476,458,1
3477,700,1
3478,486,1
3479,940,1
3480,916,1
3481,110,1
3482,694,1
3483,226,1
3484,474,1
3485,590,1
3486,158,1
3487,137,1
3488,810,1
3489,375,1
3490,23,1
3491,364,1
3492,954,1
3493,305,1
3494,972,1
3495,557,1
3496,405,1
3497,722,1
3498,428,1
3499,631,1
3500,874,1
3501,881,1
3502,294,1
3503,949,1
3504,590,1
3505,718,1
3506,1005,0
3507,65,1
3508,914,1
3509,425,1
3510,513,1
3511,255,1
3512,250,1
3513,994,1
3514,610,1
3515,29,1
3516,374,1
3517,81,1
3518,736,1
3519,623,1
3520,753,1
3521,777,1
3522,835,1
3523,724,1
3524,469,1
3525,583,1
3526,790,1
3527,928,1
3528,592,1
3529,916,1
3530,797,1
3531,163,1
3532,337,1
3533,763,1
3534,172,1
3535,611,1
3536,1004,0
3537,643,1
3538,972,1
3539,704,1
3540,727,1
3541,212,1
3542,567,1
3543,852,1
3544,729,1
3545,469,1
3546,762,1
3547,220,1
3548,344,1
3549,914,1
3550,976,1
3551,424,1
3552,65,1
3553,722,1
3554,821,1
3555,845,1
3556,638,1
3557,463,1
3558,37,1
3559,244,1
3560,40,1
3561,99,1
3562,749,1
3563,847,1
3564,223,1
3565,425,1
3566,727,1
3567,814,1
3568,565,1
3569,32,1
3570,448,1
3571,743,1
3572,865,1
3573,213,1
3574,2,1
3575,682,1
3576,308,1
3577,599,1
3578,675,1
3579,975,1
3580,346,1
3581,669,1
3582,138,1
3583,65,1
3584,195,1
3585,295,1
3586,506,1
3587,454,1
3588,89,1
3589,508,1
3590,536,1
3591,988,1
3592,446,1
3593,10,1
3594,1021,0
3595,910,1
3596,510,1
3597,625,1
3598,927,1
3599,56,1
3600,766,1
3601,650,1
3602,235,1
3603,17,1
3604,735,1
3605,698,1
3606,710,1
3607,164,1
3608,347,1
3609,409,1
3610,456,1
3611,645,1
3612,471,1
3613,799,1
3614,841,1
3615,985,1
3616,287,1
3617,922,1
3618,481,1
3619,333,1
3620,432,1
3621,992,1
3622,755,1
3623,818,1
3624,966,1
3625,977,1
3626,746,1
3627,308,1
3628,781,1
3629,135,1
3630,1007,0
3631,568,1
3632,456,1
3633,953,1
3634,497,1
3635,451,1
3636,596,1
3637,1018,0
3638,517,1
3639,177,1
3640,110,1
3641,237,1
3642,507,1
3643,268,1
3644,297,1
3645,992,1
3646,745,1
3647,804,1
3648,514,1
3649,507,1
3650,503,1
3651,890,1
3652,108,1
3653,908,1
3654,720,1
3655,36,1
3656,692,1
3657,386,1
3658,187,1
3659,622,1
3660,320,1
3661,490,1
3662,134,1
3663,214,1
3664,813,1
3665,290,1
3666,684,1
3667,392,1
3668,942,1
3669,521,1
3670,590,1
3671,286,1
3672,1018,0
3673,53,1
3674,10,1
3675,320,1
3676,912,1
3677,26,1
3678,531,1
3679,930,1
3680,280,1
3681,130,1
3682,245,1
3683,935,1
3684,1020,0
3685,1006,0
3686,792,1
3687,409,1
3688,816,1
3689,427,1
3690,842,1
3691,564,1
3692,118,1
3693,797,1
3694,1006,0
3695,812,1
3696,496,1
3697,501,1
3698,526,1
3699,76,1
3700,389,1
3701,835,1
3702,343,1
3703,452,1
3704,891,1
3705,379,1
3706,172,1
3707,50,1
3708,933,1
3709,427,1
3710,316,1
3711,279,1
3712,507,1
3713,734,1
3714,955,1
3715,654,1
3716,659,1
3717,147,1
3718,616,1
3719,766,1
3720,127,1
3721,749,1
3722,160,1
3723,157,1
3724,980,1
3725,930,1
3726,25,1
3727,755,1
3728,78,1
3729,180,1
3730,933,1
3731,850,1
3732,143,1
3733,998,1
3734,587,1
3735,584,1
3736,226,1
3737,826,1
3738,432,1
3739,20,1
3740,307,1
3741,4,1
3742,837,1
3743,636,1
3744,1017,0
3745,820,1
3746,200,1
3747,734,1
3748,965,1
3749,225,1
3750,783,1
3751,593,1
3752,378,1
3753,224,1
3754,706,1
3755,318,1
3756,837,1
3757,249,1
3758,0,1
3759,430,1
3760,765,1
3761,295,1
3762,674,1
3763,11,1
3764,518,1
3765,691,1
3766,473,1
3767,271,1
3768,215,1
3769,45,1
3770,59,1
3771,39,1
3772,515,1
3773,648,1
3774,171,1
3775,1014,0
3776,403,1
3777,276,1
3778,477,1
3779,324,1
3780,244,1
3781,763,1
3782,817,1
3783,627,1
3784,442,1
3785,915,1
3786,243,1
3787,272,1
3788,614,1
3789,228,1
3790,479,1
3791,86,1
3792,154,1
3793,879,1
3794,150,1
3795,650,1
3796,967,1
3797,324,1
3798,252,1
3799,132,1
3800,779,1
3801,407,1
3802,179,1
3803,461,1
3804,134,1
3805,404,1
3806,29,1
3807,478,1
3808,568,1
3809,821,1
3810,881,1
3811,266,1
3812,982,1
3813,501,1
3814,374,1
3815,348,1
3816,233,1
3817,627,1
3818,148,1
3819,333,1
3820,616,1
3821,677,1
3822,998,1
3823,112,1
3824,830,1
3825,157,1
3826,843,1
3827,361,1
3828,976,1
3829,449,1
3830,253,1
3831,82,1
3832,33,1
3833,994,1
3834,924,1
3835,584,1
3836,334,1
3837,878,1
3838,132,1
3839,581,1
3840,890,1
3841,21,1
3842,135,1
3843,1007,0
3844,10,1
3845,32,1
3846,416,1
3847,952,1
3848,196,1
3849,999,1
3850,484,1
3851,376,1
3852,577,1
3853,341,1
3854,652,1
3855,359,1
3856,550,1
3857,281,1
3858,199,1
3859,1016,0
3860,195,1
3861,1000,1
3862,297,1
3863,618,1
3864,580,1
3865,575,1
3866,199,1
3867,1013,0
3868,316,1
3869,42,1
3870,272,1
3871,643,1
3872,433,1
3873,140,1
3874,283,1
3875,807,1
3876,148,1
3877,669,1
3878,14,1
3879,242,1
3880,210,1
3881,123,1
3882,68,1
3883,287,1
3884,534,1
3885,197,1
3886,991,1
3887,890,1
3888,451,1
3889,815,1
3890,266,1
3891,705,1
3892,791,1
3893,309,1
3894,187,1
3895,370,1
3896,41,1
3897,691,1
3898,594,1
3899,216,1
3900,858,1
3901,637,1
3902,318,1
3903,377,1
3904,142,1
3905,75,1
3906,976,1
3907,341,1
3908,280,1
3909,418,1
3910,629,1
3911,827,1
3912,440,1
3913,1004,0
3914,38,1
3915,337,1
3916,214,1
3917,28,1
3918,365,1
3919,998,1
3920,180,1
3921,897,1
3922,871,1
3923,282,1
3924,879,1
3925,367,1
3926,271,1
3927,663,1
3928,211,1
3929,137,1
3930,953,1
3931,618,1
3932,62,1
3933,526,1
3934,232,1
3935,976,1
3936,559,1
3937,300,1
3938,97,1
3939,576,1
3940,560,1
3941,915,1
3942,715,1
3943,351,1
3944,562,1
3945,902,1
3946,882,1
3947,987,1
3948,960,1
3949,653,1
3950,871,1
3951,288,1
3952,293,1
3953,281,1
3954,550,1
3955,935,1
3956,300,1
3957,841,1
3958,214,1
3959,336,1
3960,49,1
3961,912,1
3962,206,1
3963,759,1
3964,84,1
3965,854,1
3966,144,1
3967,818,1
3968,849,1
3969,519,1
3970,313,1
3971,997,1
3972,122,1
3973,400,1
3974,469,1
3975,919,1
3976,526,1
3977,544,1
3978,690,1
3979,842,1
3980,251,1
3981,405,1
3982,972,1
3983,597,1
3984,512,1
3985,1007,0
3986,156,1
3987,377,1
3988,318,1
3989,338,1
3990,563,1
3991,730,1
3992,672,1
3993,488,1
3994,568,1
3995,373,1
3996,75,1
3997,818,1
3998,201,1
3999,100,1
4000,950,1
4001,671,1
4002,916,1
4003,354,1
4004,264,1
4005,343,1
4006,520,1
4007,240,1
4008,883,1
4009,991,1
4010,825,1
4011,124,1
4012,77,1
4013,853,1
4014,113,1
4015,992,1
4016,41,1
4017,515,1
4018,188,1
4019,599,1
4020,177,1
4021,281,1
4022,623,1
4023,908,1
4024,960,1
4025,21,1
4026,492,1
4027,172,1
4028,120,1
4029,603,1
4030,903,1
4031,965,1
4032,191,1
4033,911,1
4034,764,1
4035,167,1
4036,2,1
4037,418,1
4038,1014,0
4039,977,1
4040,231,1
4041,79,1
4042,595,1
4043,727,1
4044,953,1
4045,342,1
4046,450,1
4047,57,1
4048,1006,0
4049,305,1
4050,962,1
4051,411,1
4052,834,1
4053,651,1
4054,925,1
4055,21,1
4056,725,1
4057,555,1
4058,289,1
4059,506,1
4060,426,1
4061,32,1
4062,914,1
4063,625,1
4064,808,1
4065,840,1
4066,716,1
4067,346,1
4068,784,1
4069,762,1
4070,159,1
4071,263,1
4072,302,1
4073,898,1
4074,947,1
4075,628,1
4076,164,1
4077,248,1
4078,737,1
4079,213,1
4080,1008,0
4081,834,1
4082,654,1
4083,816,1
4084,89,1
4085,77,1
4086,49,1
4087,284,1
4088,815,1
4089,725,1
4090,41,1
4091,353,1
4092,196,1
4093,267,1
4094,573,1
4095,71,1
4096,786,1
4097,742,1
4098,839,1
4099,383,1
4100,235,1
4101,62,1
4102,301,1
4103,928,1
4104,165,1
4105,76,1
4106,1023,0
4107,1007,0
4108,930,1
4109,156,1
4110,142,1
4111,168,1
4112,575,1
4113,996,1
4114,815,1
4115,431,1
4116,18,1
4117,704,1
4118,674,1
4119,995,1
4120,762,1
4121,15,1
4122,105,1
4123,494,1
4124,646,1
4125,75,1
4126,795,1
4127,457,1
4128,945,1
4129,92,1
4130,734,1
4131,282,1
4132,591,1
4133,871,1
4134,555,1
4135,921,1
4136,185,1
4137,801,1
4138,959,1
4139,919,1
4140,529,1
4141,758,1
4142,146,1
4143,1009,0
4144,122,1
4145,59,1
4146,2,1
4147,41,1
4148,312,1
4149,801,1
4150,144,1
4151,803,1
4152,202,1
4153,407,1
4154,220,1
4155,726,1
4156,805,1
4157,817,1
4158,263,1
4159,915,1
4160,898,1
4161,69,1
4162,764,1
4163,362,1
4164,570,1
4165,189,1
4166,399,1
4167,893,1
4168,913,1
4169,909,1
4170,101,1
4171,1024,0
4172,215,1
4173,880,1
4174,84,1
4175,618,1
4176,453,1
4177,47,1
4178,850,1
4179,994,1
4180,131,1
4181,962,1
4182,42,1
4183,209,1
4184,557,1
4185,638,1
4186,445,1
4187,531,1
4188,281,1
4189,605,1
4190,834,1
4191,273,1
4192,802,1
4193,354,1
4194,723,1
4195,863,1
4196,373,1
4197,831,1
4198,680,1
4199,808,1
4200,170,1
4201,635,1
4202,551,1
4203,752,1
4204,786,1
4205,567,1
4206,641,1
4207,938,1
4208,680,1
4209,163,1
4210,210,1
4211,58,1
4212,443,1
4213,521,1
4214,93,1
4215,726,1
4216,542,1
4217,411,1
4218,502,1
4219,602,1
4220,656,1
4221,424,1
4222,295,1
4223,425,1
4224,628,1
4225,837,1
4226,370,1
4227,988,1
4228,946,1
4229,159,1
4230,447,1
4231,486,1
4232,629,1
4233,361,1
4234,143,1
4235,600,1
4236,258,1
4237,126,1
4238,697,1
4239,553,1
4240,873,1
4241,63,1
4242,433,1
4243,797,1
4244,207,1
4245,999,1
4246,920,1
4247,29,1
4248,473,1
4249,643,1
4250,924,1
4251,265,1
4252,78,1
4253,883,1
4254,685,1
4255,671,1
4256,170,1
4257,629,1
4258,332,1
4259,165,1
4260,716,1
4261,965,1
4262,264,1
4263,29,1
4264,107,1
4265,271,1
4266,541,1
4267,168,1
4268,879,1
4269,281,1
4270,949,1
4271,88,1
4272,575,1
4273,820,1
4274,880,1
4275,65,1
4276,295,1
4277,390,1
4278,499,1
4279,442,1
4280,697,1
4281,786,1
4282,803,1
4283,241,1
4284,830,1
4285,227,1
4286,300,1
4287,568,1
4288,865,1
4289,529,1
4290,483,1
4291,573,1
4292,697,1
4293,103,1
4294,75,1
4295,952,1
4296,794,1
4297,559,1
4298,789,1
4299,323,1
4300,297,1
4301,362,1
4302,33,1
4303,726,1
4304,90,1
4305,533,1
4306,670,1
4307,614,1
4308,864,1
4309,61,1
4310,834,1
4311,446,1
4312,270,1
4313,614,1
4314,173,1
4315,219,1
4316,258,1
4317,731,1
4318,539,1
4319,293,1
4320,624,1
4321,580,1
4322,336,1
4323,405,1
4324,988,1
4325,849,1
4326,499,1
4327,211,1
4328,290,1
4329,824,1
4330,175,1
4331,59,1
4332,205,1
4333,793,1
4334,997,1
4335,654,1
4336,927,1
4337,948,1
4338,403,1
4339,85,1
4340,950,1
4341,36,1
4342,316,1
4343,616,1
4344,33,1
4345,125,1
4346,538,1
4347,930,1
4348,610,1
4349,530,1
4350,310,1
4351,890,1
4352,421,1
4353,487,1
4354,631,1
4355,438,1
4356,288,1
4357,256,1
4358,257,1
4359,768,1
4360,926,1
4361,169,1
4362,161,1
4363,978,1
4364,34,1
4365,51,1
4366,988,1
4367,73,1
4368,652,1
4369,470,1
4370,803,1
4371,496,1
4372,919,1
4373,137,1
4374,155,1
4375,829,1
4376,419,1
4377,814,1
4378,154,1
4379,119,1
4380,474,1
4381,248,1
4382,351,1
4383,202,1
4384,948,1
4385,58,1
4386,834,1
4387,788,1
4388,80,1
4389,339,1
4390,168,1
4391,123,1
4392,720,1
4393,541,1
4394,994,1
4395,726,1
4396,125,1
4397,107,1
4398,617,1
4399,959,1
4400,269,1
4401,446,1
4402,413,1
4403,173,1
4404,48,1
4405,40,1
4406,575,1
4407,17,1
4408,881,1
4409,748,1
4410,472,1
4411,639,1
4412,816,1
4413,83,1
4414,303,1
4415,973,1
4416,399,1
4417,5,1
4418,531,1
4419,89,1
4420,151,1
4421,125,1
4422,534,1
4423,931,1
4424,395,1
4425,440,1
4426,561,1
4427,818,1
4428,681,1
4429,282,1
4430,349,1
4431,173,1
4432,925,1
4433,438,1
4434,397,1
4435,711,1
4436,326,1
4437,1015,0
4438,285,1
4439,927,1
4440,274,1
4441,85,1
4442,37,1
4443,994,1
4444,267,1
4445,966,1
4446,205,1
4447,425,1
4448,511,1
4449,722,1
4450,712,1
4451,230,1
4452,246,1
4453,766,1
4454,994,1
4455,808,1
4456,492,1
4457,1023,0
4458,758,1
4459,490,1
4460,784,1
4461,258,1
4462,795,1
4463,62,1
4464,727,1
4465,56,1
4466,697,1
4467,839,1
4468,584,1
4469,412,1
4470,241,1
4471,872,1
4472,279,1
4473,161,1
4474,277,1
4475,639,1
4476,527,1
4477,926,1
4478,979,1
4479,198,1
4480,345,1
4481,209,1
4482,710,1
4483,628,1
4484,451,1
4485,725,1
4486,638,1
4487,53,1
4488,57,1
4489,458,1
4490,172,1
4491,720,1
4492,934,1
4493,698,1
4494,364,1
4495,500,1
4496,533,1
4497,443,1
4498,589,1
4499,698,1
4500,116,1
4501,954,1
4502,689,1
4503,399,1
4504,597,1
4505,874,1
4506,342,1
4507,70,1
4508,221,1
4509,273,1
4510,572,1
4511,42,1
4512,177,1
4513,634,1
4514,509,1
4515,238,1
4516,591,1
4517,692,1
4518,106,1
4519,554,1
4520,374,1
4521,85,1
4522,770,1
4523,840,1
4524,18,1
4525,595,1
4526,194,1
4527,491,1
4528,70,1
4529,856,1
4530,996,1
4531,362,1
4532,915,1
4533,276,1
4534,225,1
4535,606,1
4536,1023,0
4537,229,1
4538,470,1
4539,817,1
4540,614,1
4541,682,1
4542,172,1
4543,529,1
4544,498,1
4545,989,1
4546,780,1
4547,459,1
4548,603,1
4549,159,1
4550,238,1
4551,326,1
4552,94,1
4553,908,1
4554,793,1
4555,624,1
4556,155,1
4557,237,1
4558,573,1
4559,213,1
4560,996,1
4561,424,1
4562,169,1
4563,60,1
4564,303,1
4565,539,1
4566,730,1
4567,786,1
4568,87,1
4569,809,1
4570,74,1
4571,412,1
4572,163,1
4573,79,1
4574,196,1
4575,1002,0
4576,689,1
4577,788,1
4578,661,1
4579,172,1
4580,508,1
4581,1015,0
4582,348,1
4583,328,1
4584,504,1
4585,788,1
4586,875,1
4587,734,1
4588,547,1
4589,217,1
4590,123,1
4591,40,1
4592,1016,0
4593,967,1
4594,240,1
4595,397,1
4596,15,1
4597,417,1
4598,313,1
4599,238,1
4600,936,1
4601,651,1
4602,297,1
4603,124,1
4604,474,1
4605,379,1
4606,331,1
4607,553,1
4608,742,1
4609,22,1
4610,31,1
4611,793,1
4612,815,1
4613,380,1
4614,13,1
4615,754,1
4616,320,1
4617,875,1
4618,285,1
4619,645,1
4620,997,1
4621,499,1
4622,561,1
4623,291,1
4624,654,1
4625,292,1
4626,806,1
4627,299,1
4628,708,1
4629,49,1
4630,280,1
4631,289,1
4632,298,1
4633,860,1
4634,700,1
4635,754,1
4636,196,1
4637,670,1
4638,551,1
4639,826,1
4640,868,1
4641,818,1
4642,328,1
4643,66,1
4644,236,1
4645,275,1
4646,178,1
4647,734,1
4648,467,1
4649,903,1
4650,106,1
4651,707,1
4652,741,1
4653,736,1
4654,889,1
4655,588,1
4656,591,1
4657,479,1
4658,706,1
4659,43,1
4660,567,1
4661,55,1
4662,258,1
4663,249,1
4664,528,1
4665,600,1
4666,725,1
4667,707,1
4668,451,1
4669,130,1
4670,296,1
4671,24,1
4672,600,1
4673,873,1
4674,264,1
4675,229,1
4676,690,1
4677,843,1
4678,46,1
4679,872,1
4680,957,1
4681,688,1
4682,86,1
4683,896,1
4684,549,1
4685,817,1
4686,34,1
4687,89,1
4688,502,1
4689,658,1
4690,94,1
4691,145,1
4692,924,1
4693,552,1
4694,276,1
4695,874,1
4696,472,1
4697,518,1
4698,297,1
4699,844,1
4700,454,1
4701,502,1
4702,780,1
4703,972,1
4704,572,1
4705,279,1
4706,334,1
4707,718,1
4708,552,1
4709,409,1
4710,995,1
4711,14,1
4712,958,1
4713,697,1
4714,112,1
4715,661,1
4716,675,1
4717,316,1
4718,519,1
4719,251,1
4720,242,1
4721,650,1
4722,1022,0
4723,309,1
4724,210,1
4725,171,1
4726,732,1
4727,971,1
4728,559,1
4729,161,1
4730,712,1
4731,315,1
4732,366,1
4733,93,1
4734,123,1
4735,134,1
4736,782,1
4737,162,1
4738,555,1
4739,814,1
4740,910,1
4741,83,1
4742,729,1
4743,818,1
4744,55,1
4745,348,1
4746,534,1
4747,296,1
4748,106,1
4749,955,1
4750,26,1
4751,906,1
4752,267,1
4753,826,1
4754,499,1
4755,496,1
4756,988,1
4757,722,1
4758,208,1
4759,757,1
4760,551,1
4761,591,1
4762,775,1
4763,815,1
4764,297,1
4765,331,1
4766,758,1
4767,1014,0
4768,634,1
4769,1003,0
4770,927,1
4771,297,1
4772,481,1
4773,661,1
4774,174,1
4775,213,1
4776,114,1
4777,813,1
4778,885,1
4779,197,1
4780,219,1
4781,683,1
4782,801,1
4783,167,1
4784,776,1
4785,129,1
4786,172,1
4787,978,1
4788,958,1
4789,967,1
4790,37,1
4791,50,1
4792,26,1
4793,499,1
4794,90,1
4795,362,1
4796,834,1
4797,815,1
4798,81,1
4799,462,1
4800,422,1
4801,232,1
4802,469,1
4803,673,1
4804,293,1
4805,192,1
4806,873,1
4807,452,1
4808,609,1
4809,530,1
4810,245,1
4811,193,1
4812,327,1
4813,358,1
4814,562,1
4815,796,1
4816,157,1
4817,246,1
4818,353,1
4819,915,1
4820,776,1
4821,335,1
4822,231,1
4823,143,1
4824,260,1
4825,351,1
4826,409,1
4827,757,1
4828,522,1
4829,387,1
4830,102,1
4831,750,1
4832,757,1
4833,84,1
4834,837,1
4835,50,1
4836,83,1
4837,188,1
4838,823,1
4839,457,1
4840,690,1
4841,331,1
4842,15,1
4843,620,1
4844,575,1
4845,413,1
4846,455,1
4847,780,1
4848,672,1
4849,484,1
4850,32,1
4851,569,1
4852,825,1
4853,489,1
4854,803,1
4855,712,1
4856,415,1
4857,603,1
4858,842,1
4859,441,1
4860,53,1
4861,678,1
4862,56,1
4863,437,1
4864,952,1
4865,720,1
4866,293,1
4867,458,1
4868,154,1
4869,463,1
4870,692,1
4871,451,1
4872,376,1
4873,560,1
4874,615,1
4875,63,1
4876,485,1
4877,813,1
4878,916,1
4879,736,1
4880,585,1
4881,680,1
4882,892,1
4883,591,1
4884,792,1
4885,521,1
4886,222,1
4887,581,1
4888,1014,0
4889,57,1
4890,126,1
4891,992,1
4892,980,1
4893,470,1
4894,567,1
4895,804,1
4896,637,1
4897,409,1
4898,488,1
4899,712,1
4900,854,1
4901,803,1
4902,22,1
4903,989,1
4904,685,1
4905,351,1
4906,259,1
4907,816,1
4908,133,1
4909,819,1
4910,270,1
4911,75,1
4912,60,1
4913,883,1
4914,395,1
4915,852,1
4916,345,1
4917,956,1
4918,703,1
4919,398,1
4920,816,1
4921,905,1
4922,703,1
4923,729,1
4924,236,1
4925,239,1
4926,363,1
4927,814,1
4928,674,1
4929,917,1
4930,205,1
4931,356,1
4932,871,1
4933,459,1
4934,174,1
4935,293,1
4936,797,1
4937,567,1
4938,131,1
4939,206,1
4940,997,1
4941,614,1
4942,716,1
4943,868,1
4944,533,1
4945,968,1
4946,1009,0
4947,779,1
4948,459,1
4949,45,1
4950,765,1
4951,277,1
4952,985,1
4953,410,1
4954,607,1
4955,6,1
4956,235,1
4957,31,1
4958,141,1
4959,951,1
4960,465,1
4961,471,1
4962,515,1
4963,222,1
4964,331,1
4965,1024,0
4966,337,1
4967,392,1
4968,976,1
4969,202,1
4970,825,1
4971,1021,0
4972,137,1
4973,20,1
4974,611,1
4975,293,1
4976,193,1
4977,761,1
4978,650,1
4979,363,1
4980,699,1
4981,619,1
4982,904,1
4983,304,1
4984,664,1
4985,214,1
4986,806,1
4987,561,1
4988,157,1
4989,698,1
4990,650,1
4991,939,1
4992,27,1
4993,119,1
4994,467,1
4995,241,1
4996,948,1
4997,199,1
4998,601,1
4999,894,1
5000,173,1
5001,504,1
5002,148,1
5003,663,1
5004,698,1
5005,148,1
5006,492,1
5007,654,1
5008,273,1
5009,143,1
5010,546,1
5011,929,1
5012,41,1
5013,793,1
5014,480,1
5015,621,1
5016,212,1
5017,189,1
5018,455,1
5019,895,1
5020,81,1
5021,554,1
5022,262,1
5023,888,1
5024,805,1
5025,976,1
5026,551,1
5027,147,1
5028,334,1
5029,255,1
5030,289,1
5031,658,1
5032,122,1
5033,23,1
5034,741,1
5035,441,1
5036,455,1
5037,180,1
5038,762,1
5039,457,1
5040,639,1
5041,759,1
5042,661,1
5043,648,1
5044,905,1
5045,532,1
5046,420,1
5047,868,1
5048,763,1
5049,724,1
5050,973,1
5051,655,1
5052,121,1
5053,330,1
5054,307,1
5055,798,1
5056,499,1
5057,620,1
5058,130,1
5059,826,1
5060,217,1
5061,604,1
5062,509,1
5063,963,1
5064,298,1
5065,936,1
5066,485,1
5067,415,1
5068,524,1
5069,363,1
5070,963,1
5071,853,1
5072,549,1
5073,277,1
5074,608,1
5075,295,1
5076,190,1
5077,209,1
5078,35,1
5079,562,1
5080,531,1
5081,971,1
5082,843,1
5083,598,1
5084,277,1
5085,206,1
5086,209,1
5087,791,1
5088,552,1
5089,407,1
5090,407,1
5091,453,1
5092,880,1
5093,360,1
5094,755,1
5095,407,1
5096,791,1
5097,624,1
5098,624,1
5099,45,1
5100,40,1
5101,869,1
5102,41,1
5103,5,1
5104,125,1
5105,156,1
5106,989,1
5107,163,1
5108,587,1
5109,715,1
5110,612,1
5111,132,1
5112,445,1
5113,753,1
5114,24,1
5115,593,1
5116,471,1
5117,614,1
5118,756,1
5119,134,1
5120,165,1
5121,958,1
5122,399,1
5123,192,1
5124,198,1
5125,468,1
5126,917,1
5127,71,1
5128,707,1
5129,715,1
5130,614,1
5131,861,1
5132,442,1
5133,222,1
5134,109,1
5135,196,1
5136,415,1
5137,612,1
5138,513,1
5139,80,1
5140,1021,0
5141,1001,0
5142,664,1
5143,271,1
5144,951,1
5145,94,1
5146,844,1
5147,925,1
5148,944,1
5149,156,1
5150,124,1
5151,689,1
5152,69,1
5153,748,1
5154,694,1
5155,235,1
5156,827,1
5157,784,1
5158,799,1
5159,630,1
5160,152,1
5161,910,1
5162,98,1
5163,674,1
5164,782,1
5165,683,1
5166,877,1
5167,699,1
5168,1008,0
5169,740,1
5170,809,1
5171,590,1
5172,631,1
5173,462,1
5174,490,1
5175,745,1
5176,170,1
5177,268,1
5178,157,1
5179,652,1
5180,967,1
5181,61,1
5182,592,1
5183,697,1
5184,176,1
5185,783,1
5186,548,1
5187,482,1
5188,797,1
5189,265,1
5190,496,1
5191,68,1
5192,743,1
5193,277,1
5194,512,1
5195,222,1
5196,550,1
5197,249,1
5198,229,1
5199,51,1
5200,418,1
5201,353,1
5202,374,1
5203,923,1
5204,619,1
5205,815,1
5206,913,1
5207,786,1
5208,749,1
5209,7,1
5210,754,1
5211,533,1
5212,348,1
5213,677,1
5214,232,1
5215,736,1
5216,361,1
5217,554,1
5218,372,1
5219,716,1
5220,138,1
5221,233,1
5222,864,1
5223,381,1
5224,779,1
5225,738,1
5226,818,1
5227,444,1
5228,677,1
5229,889,1
5230,803,1
5231,998,1
5232,441,1
5233,548,1
5234,347,1
5235,114,1
5236,598,1
5237,481,1
5238,179,1
5239,842,1
5240,515,1
5241,902,1
5242,638,1
5243,193,1
5244,94,1
5245,320,1
5246,426,1
5247,505,1
5248,574,1
5249,329,1
5250,670,1
5251,419,1
5252,342,1
5253,254,1
5254,700,1
5255,611,1
5256,207,1
5257,6,1
5258,862,1
5259,104,1
5260,354,1
5261,715,1
5262,628,1
5263,666,1
5264,548,1
5265,342,1
5266,159,1
5267,582,1
5268,991,1
5269,779,1
5270,728,1
5271,893,1
5272,283,1
5273,282,1
5274,50,1
5275,969,1
5276,957,1
5277,518,1
5278,668,1
5279,677,1
5280,916,1
5281,754,1
5282,15,1
5283,964,1
5284,256,1
5285,195,1
5286,475,1
5287,483,1
5288,575,1
5289,709,1
5290,279,1
5291,261,1
5292,36,1
5293,945,1
5294,681,1
5295,308,1
5296,489,1
5297,165,1
5298,591,1
5299,895,1
5300,898,1
5301,79,1
5302,318,1
5303,57,1
5304,547,1
5305,14,1
5306,648,1
5307,522,1
5308,438,1
5309,3,1
5310,490,1
5311,130,1
5312,929,1
5313,705,1
5314,125,1
5315,219,1
5316,893,1
5317,776,1
5318,557,1
5319,176,1
5320,209,1
5321,617,1
5322,367,1
5323,800,1
5324,550,1
5325,842,1
5326,533,1
5327,810,1
5328,606,1
5329,922,1
5330,489,1
5331,684,1
5332,374,1
5333,379,1
5334,822,1
5335,48,1
5336,758,1
5337,158,1
5338,259,1
5339,531,1
5340,832,1
5341,630,1
5342,456,1
5343,816,1
5344,54,1
5345,59,1
5346,954,1
5347,0,1
5348,986,1
5349,659,1
5350,122,1
5351,548,1
5352,436,1
5353,803,1
5354,267,1
5355,690,1
5356,254,1
5357,712,1
5358,769,1
5359,588,1
5360,377,1
5361,789,1
5362,841,1
5363,835,1
5364,468,1
5365,136,1
5366,410,1
5367,707,1
5368,279,1
5369,412,1
5370,873,1
5371,509,1
5372,991,1
5373,232,1
5374,816,1
5375,293,1
5376,835,1
5377,65,1
5378,599,1
5379,263,1
5380,755,1
5381,410,1
5382,413,1
5383,701,1
5384,784,1
5385,157,1
5386,773,1
5387,819,1
5388,616,1
5389,780,1
5390,89,1
5391,849,1
5392,156,1
5393,476,1
5394,719,1
5395,443,1
5396,730,1
5397,704,1
5398,694,1
5399,888,1
5400,306,1
5401,821,1
5402,53,1
5403,564,1
5404,62,1
5405,22,1
5406,143,1
5407,418,1
5408,616,1
5409,191,1
5410,900,1
5411,916,1
5412,352,1
5413,875,1
5414,649,1
5415,9,1
5416,499,1
5417,752,1
5418,768,1
5419,923,1
5420,809,1
5421,567,1
5422,268,1
5423,367,1
5424,972,1
5425,138,1
5426,549,1
5427,991,1
5428,482,1
5429,647,1
5430,841,1
5431,814,1
5432,565,1
5433,112,1
5434,550,1
5435,581,1
5436,441,1
5437,706,1
5438,5,1
5439,361,1
5440,899,1
5441,852,1
5442,727,1
5443,876,1
5444,642,1
5445,534,1
5446,851,1
5447,324,1
5448,193,1
5449,162,1
5450,672,1
5451,784,1
5452,395,1
5453,644,1
5454,758,1
5455,122,1
5456,59,1
5457,331,1
5458,109,1
5459,1013,0
5460,744,1
5461,387,1
5462,780,1
5463,474,1
5464,34,1
5465,36,1
5466,939,1
5467,754,1
5468,167,1
5469,282,1
5470,274,1
5471,295,1
5472,961,1
5473,720,1
5474,837,1
5475,272,1
5476,462,1
5477,484,1
5478,676,1
5479,355,1
5480,327,1
5481,776,1
5482,1001,0
5483,320,1
5484,643,1
5485,457,1
5486,35,1
5487,479,1
5488,429,1
5489,495,1
5490,951,1
5491,591,1
5492,253,1
5493,36,1
5494,880,1
5495,109,1
5496,43,1
5497,256,1
5498,938,1
5499,243,1
5500,669,1
5501,76,1
5502,436,1
5503,1009,0
5504,914,1
5505,328,1
5506,286,1
5507,399,1
5508,432,1
5509,37,1
5510,355,1
5511,72,1
5512,929,1
5513,959,1
5514,298,1
5515,829,1
5516,924,1
5517,67,1
5518,612,1
5519,108,1
5520,805,1
5521,673,1
5522,889,1
5523,428,1
5524,948,1
5525,975,1
5526,489,1
5527,597,1
5528,330,1
5529,89,1
5530,1021,0
5531,900,1
5532,807,1
5533,929,1
5534,563,1
5535,534,1
5536,920,1
5537,747,1
5538,803,1
5539,642,1
5540,448,1
5541,816,1
5542,697,1
5543,603,1
5544,960,1
5545,605,1
5546,185,1
5547,355,1
5548,982,1
5549,921,1
5550,967,1
5551,189,1
5552,359,1
5553,788,1
5554,19,1
5555,968,1
5556,780,1
5557,226,1
5558,902,1
5559,136,1
5560,564,1
5561,144,1
5562,512,1
5563,931,1
5564,448,1
5565,142,1
5566,681,1
5567,68,1
5568,739,1
5569,141,1
5570,1002,0
5571,880,1
5572,674,1
5573,442,1
5574,992,1
5575,481,1
5576,732,1
5577,48,1
5578,558,1
5579,599,1
5580,626,1
5581,138,1
5582,318,1
5583,577,1
5584,203,1
5585,528,1
5586,855,1
5587,10,1
5588,961,1
5589,177,1
5590,520,1
5591,577,1
5592,421,1
5593,410,1
5594,646,1
5595,631,1
5596,295,1
5597,56,1
5598,75,1
5599,414,1
5600,925,1
5601,160,1
5602,325,1
5603,413,1
5604,763,1
5605,588,1
5606,357,1
5607,890,1
5608,166,1
5609,579,1
5610,935,1
5611,905,1
5612,897,1
5613,707,1
5614,841,1
5615,199,1
5616,427,1
5617,177,1
5618,237,1
5619,549,1
5620,253,1
5621,944,1
5622,634,1
5623,413,1
5624,234,1
5625,90,1
5626,202,1
5627,332,1
5628,751,1
5629,634,1
5630,854,1
5631,249,1
5632,914,1
5633,453,1
5634,17,1
5635,827,1
5636,206,1
5637,757,1
5638,599,1
5639,587,1
5640,370,1
5641,889,1
5642,460,1
5643,27,1
5644,230,1
5645,209,1
5646,976,1
5647,167,1
5648,792,1
5649,889,1
5650,528,1
5651,985,1
5652,30,1
5653,51,1
5654,152,1
5655,883,1
5656,632,1
5657,402,1
5658,159,1
5659,616,1
5660,330,1
5661,354,1
5662,640,1
5663,561,1
5664,986,1
5665,323,1
5666,362,1
5667,997,1
5668,489,1
5669,947,1
5670,121,1
5671,87,1
5672,84,1
5673,337,1
5674,136,1
5675,627,1
5676,602,1
5677,117,1
5678,544,1
5679,849,1
5680,884,1
5681,357,1
5682,553,1
5683,791,1
5684,27,1
5685,330,1
5686,241,1
5687,363,1
5688,272,1
5689,659,1
5690,504,1
5691,390,1
5692,589,1
5693,892,1
5694,898,1
5695,204,1
5696,183,1
5697,283,1
5698,366,1
5699,764,1
5700,98,1
5701,515,1
5702,94,1
5703,525,1
5704,408,1
5705,142,1
5706,251,1
5707,1021,0
5708,19,1
5709,285,1
5710,52,1
5711,916,1
5712,985,1
5713,1017,0
5714,806,1
5715,612,1
5716,895,1
5717,898,1
5718,91,1
5719,806,1
5720,324,1
5721,876,1
5722,404,1
5723,59,1
5724,409,1
5725,308,1
5726,457,1
5727,148,1
5728,780,1
5729,873,1
5730,918,1
5731,75,1
5732,796,1
5733,276,1
5734,769,1
5735,201,1
5736,356,1
5737,183,1
5738,175,1
5739,395,1
5740,876,1
5741,1005,0
5742,711,1
5743,522,1
5744,266,1
5745,623,1
5746,820,1
5747,899,1
5748,401,1
5749,214,1
5750,95,1
5751,427,1
5752,271,1
5753,963,1
5754,898,1
5755,603,1
5756,323,1
5757,171,1
5758,726,1
5759,143,1
5760,794,1
5761,985,1
5762,853,1
5763,257,1
5764,840,1
5765,671,1
5766,955,1
5767,972,1
5768,122,1
5769,214,1
5770,753,1
5771,744,1
5772,504,1
5773,526,1
5774,321,1
5775,545,1
5776,1004,0
5777,243,1
5778,523,1
5779,437,1
5780,550,1
5781,750,1
5782,990,1
5783,603,1
5784,1004,0
5785,842,1
5786,1016,0
5787,608,1
5788,210,1
5789,998,1
5790,115,1
5791,207,1
5792,640,1
5793,851,1
5794,541,1
5795,38,1
5796,212,1
5797,442,1
5798,997,1
5799,564,1
5800,217,1
5801,820,1
5802,835,1
5803,467,1
5804,780,1
5805,271,1
5806,705,1
5807,976,1
5808,776,1
5809,496,1
5810,505,1
5811,929,1
5812,763,1
5813,816,1
5814,758,1
5815,21,1
5816,344,1
5817,404,1
5818,949,1
5819,422,1
5820,227,1
5821,20,1
5822,527,1
5823,231,1
5824,28,1
5825,264,1
5826,739,1
5827,444,1
5828,509,1
5829,380,1
5830,648,1
5831,542,1
5832,210,1
5833,632,1
5834,812,1
5835,300,1
5836,207,1
5837,955,1
5838,774,1
5839,231,1
5840,347,1
5841,494,1
5842,494,1
5843,422,1
5844,760,1
5845,378,1
5846,896,1
5847,223,1
5848,257,1
5849,157,1
5850,598,1
5851,639,1
5852,790,1
5853,164,1
5854,980,1
5855,501,1
5856,643,1
5857,942,1
5858,100,1
5859,81,1
5860,547,1
5861,522,1
5862,232,1
5863,490,1
5864,375,1
5865,745,1
5866,881,1
5867,705,1
5868,11,1
5869,299,1
5870,797,1
5871,847,1
5872,61,1
5873,415,1
5874,655,1
5875,632,1
5876,880,1
5877,806,1
5878,473,1
5879,775,1
5880,758,1
5881,433,1
5882,23,1
5883,366,1
5884,426,1
5885,1023,0
5886,259,1
5887,689,1
5888,1011,0
5889,951,1
5890,360,1
5891,281,1
5892,483,1
5893,827,1
5894,613,1
5895,1020,0
5896,505,1
5897,276,1
5898,751,1
5899,543,1
5900,79,1
5901,702,1
5902,306,1
5903,639,1
5904,635,1
5905,274,1
5906,352,1
5907,357,1
5908,943,1
5909,662,1
5910,873,1
5911,633,1
5912,27,1
5913,693,1
5914,25,1
5915,608,1
5916,992,1
5917,39,1
5918,181,1
5919,666,1
5920,529,1
5921,842,1
5922,319,1
5923,896,1
5924,965,1
5925,544,1
5926,593,1
5927,274,1
5928,358,1
5929,98,1
5930,64,1
5931,829,1
5932,26,1
5933,655,1
5934,880,1
5935,92,1
5936,697,1
5937,884,1
5938,621,1
5939,231,1
5940,733,1
5941,839,1
5942,423,1
5943,280,1
5944,563,1
5945,971,1
5946,16,1
5947,472,1
5948,467,1
5949,996,1
5950,655,1
5951,708,1
5952,267,1
5953,505,1
5954,943,1
5955,99,1
5956,920,1
5957,638,1
5958,233,1
5959,1025,0
5960,531,1
5961,342,1
5962,87,1
5963,489,1
5964,196,1
5965,727,1
5966,194,1
5967,951,1
5968,577,1
5969,88,1
5970,787,1
5971,165,1
5972,511,1
5973,764,1
5974,380,1
5975,10,1
5976,322,1
5977,120,1
5978,835,1
5979,937,1
5980,335,1
5981,585,1
5982,380,1
5983,828,1
5984,681,1
5985,864,1
5986,474,1
5987,626,1
5988,671,1
5989,420,1
5990,617,1
5991,647,1
5992,767,1
5993,956,1
5994,770,1
5995,310,1
5996,117,1
5997,688,1
5998,217,1
5999,665,1
6000,556,1
6001,123,1
6002,38,1
6003,545,1
6004,318,1
6005,917,1
6006,633,1
6007,639,1
6008,713,1
6009,862,1
6010,421,1
6011,990,1
6012,527,1
6013,145,1
6014,422,1
6015,264,1
6016,184,1
6017,758,1
6018,247,1
6019,196,1
6020,876,1
6021,434,1
6022,390,1
6023,328,1
6024,884,1
6025,350,1
6026,267,1
6027,636,1
6028,574,1
6029,43,1
6030,643,1
6031,432,1
6032,122,1
6033,280,1
6034,897,1
6035,513,1
6036,831,1
6037,281,1
6038,984,1
6039,176,1
6040,236,1
6041,624,1
6042,469,1
6043,341,1
6044,736,1
6045,308,1
6046,806,1
6047,843,1
6048,1007,0
6049,268,1
6050,573,1
6051,687,1
6052,790,1
6053,511,1
6054,735,1
6055,887,1
6056,954,1
6057,307,1
6058,809,1
6059,333,1
6060,259,1
6061,341,1
6062,509,1
6063,911,1
6064,178,1
6065,424,1
6066,641,1
6067,961,1
6068,594,1
6069,584,1
6070,295,1
6071,989,1
6072,62,1
6073,870,1
6074,1018,0
6075,891,1
6076,870,1
6077,830,1
6078,984,1
6079,953,1
6080,691,1
6081,429,1
6082,597,1
6083,583,1
6084,244,1
6085,234,1
6086,533,1
6087,634,1
6088,792,1
6089,482,1
6090,353,1
6091,640,1
6092,640,1
6093,249,1
6094,157,1
6095,1003,0
6096,791,1
6097,280,1
6098,649,1
6099,476,1
6,,
